epoch,loss,accuracy,tp_0,fp_0,fn_0,tn_0,tp_1,fp_1,fn_1,tn_1,tp_2,fp_2,fn_2,tn_2,tp_3,fp_3,fn_3,tn_3,tp_4,fp_4,fn_4,tn_4,tp_5,fp_5,fn_5,tn_5,tp_6,fp_6,fn_6,tn_6,tp_7,fp_7,fn_7,tn_7,tp_8,fp_8,fn_8,tn_8,tp_9,fp_9,fn_9,tn_9,val_loss,val_accuracy,val_tp_0,val_fp_0,val_fn_0,val_tn_0,val_tp_1,val_fp_1,val_fn_1,val_tn_1,val_tp_2,val_fp_2,val_fn_2,val_tn_2,val_tp_3,val_fp_3,val_fn_3,val_tn_3,val_tp_4,val_fp_4,val_fn_4,val_tn_4,val_tp_5,val_fp_5,val_fn_5,val_tn_5,val_tp_6,val_fp_6,val_fn_6,val_tn_6,val_tp_7,val_fp_7,val_fn_7,val_tn_7,val_tp_8,val_fp_8,val_fn_8,val_tn_8,val_tp_9,val_fp_9,val_fn_9,val_tn_9,timestamp,epoch_time_sec,max_mem_mb
1,2.191057440948961,0.16481514397440455,649,2972,3841,37538,573,3658,3935,36834,320,2152,4165,38363,497,3305,4029,37169,631,3206,3839,37324,581,3649,3921,36849,1402,5380,3097,35121,338,2561,4173,37928,1823,6751,2696,33730,601,3951,3889,36559,2.1607214966521098,0.1733226837060703,97,487,413,4003,16,92,476,4416,178,1264,337,3221,52,292,422,4234,158,548,372,3922,0,0,498,4502,77,379,424,4120,0,0,489,4511,246,846,235,3673,42,226,468,4264,2026-08-17 23:16:24,55.59,233.75
2,2.1548605899220887,0.18067899040170637,511,2092,3979,38418,538,3387,3970,37105,381,2194,4104,38321,564,3280,3962,37194,665,2505,3805,38025,669,3863,3833,36635,1495,5435,3004,35066,419,2599,4092,37890,1930,6030,2589,34451,958,5485,3532,35025,2.128149573795331,0.20087859424920126,31,61,479,4429,64,355,428,4153,2,12,513,4473,5,35,469,4491,7,31,523,4439,165,772,333,3730,280,978,221,3521,39,228,450,4283,249,761,232,3758,163,762,347,3728,2026-08-17 23:17:20,55.81,233.75
3,2.1242780628638296,0.1987646640597227,1055,3091,3435,37419,952,4580,3556,35912,357,1912,4128,38603,822,4208,3704,36266,789,2544,3681,37986,556,2880,3946,37618,1374,4640,3125,35861,388,2138,4123,38351,1660,5201,2859,35280,992,4861,3498,35649,2.1028199355823163,0.21186102236421725,119,254,391,4236,141,716,351,3792,79,350,436,4135,34,231,440,4295,155,441,375,4029,79,329,419,4173,79,238,422,4261,65,429,424,4082,160,381,321,4138,149,571,361,3919,2026-08-17 23:18:16,55.84,233.75
4,2.0965009674329247,0.21205119089939567,1174,3154,3316,37356,1177,5139,3331,35353,446,1969,4039,38546,747,3607,3779,36867,949,2899,3521,37631,584,2977,3918,37521,1395,4133,3104,36368,539,2616,3972,37873,1530,4459,2989,36022,1001,4505,3489,36005,2.064806324605363,0.22563897763578275,151,333,359,4157,195,787,297,3721,52,187,463,4298,60,270,414,4256,262,909,268,3561,27,88,471,4414,57,146,444,4353,104,513,385,3998,130,289,351,4230,91,349,419,4141,2026-08-17 23:19:12,55.86,233.75
5,2.074579153584705,0.2212273373622467,1133,2864,3357,37646,1094,4277,3414,36215,356,1771,4129,38744,905,3919,3621,36555,1106,3543,3364,36987,563,2502,3939,37996,1274,3814,3225,36687,755,3336,3756,37153,1592,4442,2927,36039,1178,4576,3312,35934,2.036272581012104,0.2248402555910543,14,10,496,4480,90,344,402,4164,9,24,506,4461,185,862,289,3664,188,527,342,3943,63,266,435,4236,127,409,374,4090,21,30,468,4481,323,1108,158,3411,105,295,405,4195,2026-08-17 23:20:08,55.82,233.75
6,2.0333101591350258,0.2378688233202986,1231,2791,3259,37719,1117,4128,3391,36364,473,2118,4012,38397,1096,4384,3430,36090,1089,3158,3381,37372,743,2821,3759,37677,1232,3431,3267,37070,819,3023,3692,37466,1789,4574,2730,35907,1117,3866,3373,36644,2.0423742155678357,0.22803514376996806,134,322,376,4168,134,415,358,4093,38,151,477,4334,103,463,371,4063,61,190,469,4280,60,359,438,4143,211,637,290,3862,125,426,364,4085,220,696,261,3823,56,199,454,4291,2026-08-17 23:21:04,55.85,233.75
7,2.025464083603426,0.24380110202630642,1283,2912,3207,37598,1164,4098,3344,36394,585,2113,3900,38402,1219,4501,3307,35973,1094,3028,3376,37502,620,2582,3882,37916,1346,3572,3153,36929,978,3399,3533,37090,1616,4419,2903,36062,1065,3406,3425,37104,2.0065585256765446,0.24460862619808307,135,268,375,4222,110,351,382,4157,34,81,481,4404,149,548,325,3978,61,135,469,4335,36,178,462,4324,183,519,318,3980,155,713,334,3798,199,473,282,4046,162,510,348,3980,2026-08-17 23:22:00,55.88,233.75
8,2.004080126516937,0.25124422324920015,1264,2653,3226,37857,1384,4117,3124,36375,524,1917,3961,38598,1203,4600,3323,35874,1056,3139,3414,37391,712,2766,3790,37732,1316,3547,3183,36954,936,3222,3575,37267,1781,4289,2738,36192,1130,3444,3360,37066,2.0084773286843833,0.24900159744408945,120,179,390,4311,205,818,287,3690,20,53,495,4432,215,925,259,3601,92,244,438,4226,11,44,487,4458,223,674,278,3825,58,176,431,4335,175,303,306,4216,127,338,383,4152,2026-08-17 23:22:56,55.9,233.75
9,1.9871248156838768,0.25697653750444366,1306,2816,3184,37694,1538,4393,2970,36099,594,2196,3891,38319,1227,4546,3299,35928,1161,3043,3309,37487,665,2588,3837,37910,1302,3558,3197,36943,1003,3248,3508,37241,1801,4166,2718,36315,967,2882,3523,37628,1.9825167972058915,0.2547923322683706,265,705,245,3785,99,258,393,4250,71,247,444,4238,171,676,303,3850,147,336,383,4134,24,46,474,4456,172,551,329,3948,94,348,395,4163,131,293,350,4226,101,265,409,4225,2026-08-17 23:23:52,55.95,233.75
10,1.9720183607102117,0.265130643441166,1389,2792,3101,37718,1638,4464,2870,36028,588,1981,3897,38534,1255,4494,3271,35980,1077,2676,3393,37854,811,2828,3691,37670,1334,3464,3165,37037,1088,3411,3423,37078,1778,4082,2741,36399,973,2877,3517,37633,1.9794115605064855,0.25339456869009586,57,106,453,4384,137,230,355,4278,77,340,438,4145,80,288,394,4238,230,687,300,3783,151,585,347,3917,106,329,395,4170,58,153,431,4358,280,821,201,3698,88,197,422,4293,2026-08-17 23:24:48,55.86,233.75
11,1.9686175284333132,0.2667303590472805,1345,2658,3145,37852,1637,4517,2871,35975,517,2024,3968,38491,1295,4520,3231,35954,1157,2856,3313,37674,747,2572,3755,37926,1376,3634,3123,36867,1064,3318,3447,37171,1812,3871,2707,36610,1053,3027,3437,37483,1.9749613752761208,0.26557507987220447,112,177,398,4313,239,741,253,3767,94,296,421,4189,195,755,279,3771,134,270,396,4200,49,210,449,4292,123,328,378,4171,86,167,403,4344,182,373,299,4146,113,356,397,4134,2026-08-17 23:25:44,55.86,233.75
12,1.96103903355651,0.27130732314255246,1405,2712,3085,37798,1603,4327,2905,36165,641,2145,3844,38370,1215,4477,3311,35997,1135,2747,3335,37783,825,2871,3677,37627,1407,3433,3092,37068,1037,3193,3474,37296,1831,3780,2688,36701,1112,3104,3378,37406,1.9383343332491743,0.2807507987220447,187,346,323,4144,186,436,306,4072,72,251,443,4234,105,382,369,4144,219,554,311,3916,96,276,402,4226,130,388,371,4111,96,279,393,4232,218,435,263,4084,94,250,416,4240,2026-08-17 23:26:40,55.9,233.75
13,1.94241246794027,0.27575097760398154,1419,2587,3071,37923,1787,4455,2721,36037,694,2304,3791,38211,1161,4275,3365,36199,1009,2644,3461,37886,850,2918,3652,37580,1393,3448,3106,37053,1177,3414,3334,37075,1888,3689,2631,36792,1029,2859,3461,37651,1.9445078212993976,0.2763578274760383,88,118,422,4372,195,446,297,4062,62,189,453,4296,120,444,354,4082,165,355,365,4115,194,795,304,3707,110,252,391,4247,93,211,396,4300,252,566,229,3953,102,243,408,4247,2026-08-17 23:27:36,56.0,233.75
14,1.9193255669952838,0.28821542836829006,1461,2539,3029,37971,1740,4271,2768,36221,702,2057,3783,38458,1191,4076,3335,36398,1151,2754,3319,37776,1042,2950,3460,37548,1413,3477,3086,37024,1246,3475,3265,37014,1965,3501,2554,36980,1059,2930,3431,37580,1.9155957237980998,0.2817492012779553,112,123,398,4367,122,319,370,4189,71,228,444,4257,178,660,296,3866,172,387,358,4083,94,265,404,4237,120,306,381,4193,111,296,378,4215,276,533,205,3986,154,473,356,4017,2026-08-17 23:28:32,56.03,233.75
15,1.9300120449388234,0.2839050835407039,1511,2771,2979,37739,1760,4359,2748,36133,672,2147,3813,38368,1034,3847,3492,36627,1154,2723,3316,37807,1056,3112,3446,37386,1426,3373,3073,37128,1197,3358,3314,37131,1978,3737,2541,36744,989,2796,3501,37714,1.9349158301521032,0.2827476038338658,114,142,396,4348,137,337,355,4171,60,204,455,4281,77,333,397,4193,140,283,390,4187,168,579,330,3923,157,296,344,4203,167,492,322,4019,235,481,246,4038,157,441,353,4049,2026-08-17 23:29:28,55.85,233.75
16,1.9127454538172435,0.2905261286882332,1554,2707,2936,37803,1762,4215,2746,36277,689,2014,3796,38501,1276,4288,3250,36186,1098,2573,3372,37957,1031,2977,3471,37521,1428,3376,3071,37125,1152,3390,3359,37099,1973,3472,2546,37009,1109,2916,3381,37594,1.9003123844774386,0.295926517571885,220,386,290,4104,177,449,315,4059,74,168,441,4317,130,475,344,4051,110,193,420,4277,130,318,368,4184,127,288,374,4211,178,665,311,3846,184,225,297,4294,148,355,362,4135,2026-08-17 23:30:24,55.97,233.75
17,1.876918828873036,0.305012442232492,1563,2620,2927,37890,1836,4174,2672,36318,759,2041,3726,38474,1299,4125,3227,36349,1160,2641,3310,37889,1040,2844,3462,37654,1521,3409,2978,37092,1239,3248,3272,37241,2133,3428,2386,37053,1176,2744,3314,37766,1.8994573107161843,0.2991214057507987,184,328,326,4162,225,497,267,4011,111,334,404,4151,50,139,424,4387,61,98,469,4372,124,371,374,4131,157,287,344,4212,211,591,278,3920,242,464,239,4055,129,397,381,4093,2026-08-17 23:31:20,55.99,233.75
18,1.8725345649627703,0.3064788482047636,1582,2632,2908,37878,1790,4167,2718,36325,748,2107,3737,38408,1228,3877,3298,36597,1244,2717,3226,37813,1091,2828,3411,37670,1553,3514,2946,36987,1300,3274,3211,37215,2053,3309,2466,37172,1203,2783,3287,37727,1.8649670148429018,0.3059105431309904,229,434,281,4056,220,510,272,3998,63,155,452,4330,146,486,328,4040,121,223,409,4247,95,206,403,4296,215,617,286,3882,159,454,330,4057,175,199,306,4320,107,186,403,4304,2026-08-17 23:32:16,55.99,233.75
19,1.871528880264765,0.3114779594738713,1569,2546,2921,37964,1925,4163,2583,36329,748,2036,3737,38479,1267,3992,3259,36482,1204,2590,3266,37940,1113,2856,3389,37642,1587,3481,2912,37020,1384,3398,3127,37091,2054,3247,2465,37234,1166,2674,3324,37836,1.8601735510384312,0.3109025559105431,186,324,324,4166,185,397,307,4111,88,255,427,4230,73,278,401,4248,156,320,374,4150,90,211,408,4291,203,450,298,4049,179,419,310,4092,258,492,223,4027,138,298,372,4192,2026-08-17 23:33:12,55.85,233.75
20,1.8670900304504785,0.3083896196231781,1525,2482,2965,38028,1808,4084,2700,36408,721,2031,3764,38484,1213,4040,3313,36434,1228,2570,3242,37960,1113,2906,3389,37592,1608,3544,2891,36957,1315,3255,3196,37234,2111,3359,2408,37122,1236,2851,3254,37659,1.8817785780269878,0.3079073482428115,206,340,304,4150,213,471,279,4037,80,260,435,4225,114,402,360,4124,158,332,372,4138,151,439,347,4063,171,366,330,4133,133,278,356,4233,183,275,298,4244,128,300,382,4190,2026-08-17 23:34:08,55.91,233.75
21,1.8503104395769772,0.3168547813722005,1597,2488,2893,38022,1907,4013,2601,36479,772,2021,3713,38494,1155,3861,3371,36613,1220,2339,3250,38191,1136,3044,3366,37454,1702,3781,2797,36720,1414,3044,3097,37445,2076,3088,2443,37393,1281,3061,3209,37449,1.8501221341446947,0.3250798722044728,201,382,309,4108,213,416,279,4092,144,411,371,4074,74,312,400,4214,154,222,376,4248,178,549,320,3953,190,373,311,4126,137,196,352,4315,229,322,252,4197,105,192,405,4298,2026-08-17 23:35:04,55.96,233.75
22,1.8281182211317544,0.3234536082474227,1640,2526,2850,37984,1916,4002,2592,36490,779,1884,3706,38631,1134,3618,3392,36856,1142,2358,3328,38172,1234,3000,3268,37498,1798,3822,2701,36679,1434,3295,3077,37194,2159,3014,2360,37467,1319,2926,3171,37584,1.8286888607012959,0.31110223642172524,115,133,395,4357,151,316,341,4192,79,242,436,4243,104,338,370,4188,119,215,411,4255,178,529,320,3973,232,576,269,3923,146,258,343,4253,262,476,219,4043,169,362,341,4128,2026-08-17 23:36:00,55.84,233.75
23,1.819937570468836,0.32696409527195164,1653,2553,2837,37957,1813,3878,2695,36614,847,2138,3638,38377,1268,3705,3258,36769,1264,2495,3206,38035,1118,2700,3384,37798,1720,3587,2779,36914,1490,3359,3021,37130,2185,2992,2334,37489,1356,2879,3134,37631,1.8160479621003611,0.32727635782747605,179,260,331,4230,215,432,277,4076,76,224,439,4261,61,229,413,4297,130,196,400,4274,183,528,315,3974,225,515,276,3984,175,284,314,4227,254,415,227,4104,139,280,371,4210,2026-08-17 23:36:56,55.74,233.75
24,1.8041867725034646,0.33798435833629575,1657,2454,2833,38056,1971,3847,2537,36645,895,2020,3590,38495,1203,3549,3323,36925,1235,2381,3235,38149,1261,2889,3241,37609,1820,3550,2679,36951,1533,3117,2978,37372,2239,3060,2280,37421,1396,2923,3094,37587,1.813881390391828,0.32967252396166136,167,233,343,4257,253,623,239,3885,109,297,406,4188,63,214,411,4312,143,246,387,4224,181,391,317,4111,165,367,336,4132,191,430,298,4081,219,242,262,4277,155,311,355,4179,2026-08-17 23:37:52,55.94,233.75
25,1.8015965883561482,0.33734002843938854,1677,2507,2813,38003,1879,3857,2629,36635,900,2033,3585,38482,1128,3517,3398,36957,1200,2323,3270,38207,1328,2861,3174,37637,1814,3684,2685,36817,1579,3059,2932,37430,2225,2950,2294,37531,1451,3028,3039,37482,1.8120641719799835,0.33206869009584666,175,246,335,4244,199,467,293,4041,119,292,396,4193,126,365,348,4161,141,236,389,4234,84,154,414,4348,229,554,272,3945,183,421,306,4090,232,300,249,4219,172,305,338,4185,2026-08-17 23:38:48,55.94,233.75
26,1.788144988010161,0.3442721293992179,1732,2495,2758,38015,1888,3673,2620,36819,912,2061,3573,38454,1180,3454,3346,37020,1255,2209,3215,38321,1266,2883,3236,37615,1921,3792,2578,36709,1594,3081,2917,37408,2270,2864,2249,37617,1474,2996,3016,37514,1.8050439727192107,0.33206869009584666,191,280,319,4210,286,720,206,3788,103,232,412,4253,125,351,349,4175,135,208,395,4262,65,114,433,4388,241,573,260,3926,177,315,312,4196,181,176,300,4343,154,373,356,4117,2026-08-17 23:39:44,55.91,233.75
27,1.7761150415029299,0.34958229648062566,1726,2509,2764,38001,1888,3630,2620,36862,938,2129,3547,38386,1196,3314,3330,37160,1287,2304,3183,38226,1336,2910,3166,37588,1908,3632,2591,36869,1614,2980,2897,37509,2351,2910,2168,37571,1488,2950,3002,37560,1.7945859904487294,0.34185303514376997,215,301,295,4189,190,309,302,4199,121,287,394,4198,139,460,335,4066,150,275,380,4195,96,206,402,4296,220,459,281,4040,256,603,233,3908,180,182,301,4337,143,208,367,4282,2026-08-17 23:40:40,55.9,233.75
28,1.7666936694113673,0.35193743334518307,1730,2515,2760,37995,1919,3661,2589,36831,997,2162,3488,38353,1290,3705,3236,36769,1295,2261,3175,38269,1204,2635,3298,37863,1966,3645,2533,36856,1615,2880,2896,37609,2273,2795,2246,37686,1549,2903,2941,37607,1.7714936889398594,0.35503194888178913,222,340,288,4150,212,433,280,4075,97,192,418,4293,94,269,380,4257,161,250,369,4220,202,482,296,4020,198,448,303,4051,203,326,286,4185,217,225,264,4294,169,260,341,4230,2026-08-17 23:41:36,55.89,233.75
29,1.7606075540200867,0.35524795591894776,1713,2444,2777,38066,1975,3688,2533,36804,972,2106,3513,38409,1272,3578,3254,36896,1330,2371,3140,38159,1257,2673,3245,37825,1957,3595,2542,36906,1663,2778,2848,37711,2277,2774,2242,37707,1572,3005,2918,37505,1.7818312922986552,0.34365015974440893,172,237,338,4253,173,291,319,4217,109,283,406,4202,172,602,302,3924,139,238,391,4232,125,266,373,4236,227,522,274,3977,197,279,292,4232,242,304,239,4215,163,259,347,4231,2026-08-17 23:42:32,55.87,233.75
30,1.753597124717094,0.3596693921080697,1752,2346,2738,38164,2013,3569,2495,36923,1009,2148,3476,38367,1231,3497,3295,36977,1343,2273,3127,38257,1253,2801,3249,37697,1962,3701,2537,36800,1691,2816,2820,37673,2327,2755,2192,37726,1603,2910,2887,37600,1.781593404258021,0.3428514376996805,189,328,321,4162,150,318,342,4190,113,262,402,4223,97,267,377,4259,184,292,346,4178,116,222,382,4280,197,448,304,4051,151,241,338,4270,290,484,191,4035,229,422,281,4068,2026-08-17 23:43:28,56.0,233.75
31,1.7495378707593503,0.36135798080341275,1710,2441,2780,38069,2020,3582,2488,36910,995,2019,3490,38496,1304,3584,3222,36890,1352,2221,3118,38309,1295,2639,3207,37859,1985,3618,2514,36883,1715,2962,2796,37527,2354,2752,2165,37729,1534,2918,2956,37592,1.7130083504576272,0.3702076677316294,201,256,309,4234,214,348,278,4160,98,216,417,4269,127,413,347,4113,166,232,364,4238,162,349,336,4153,218,422,283,4077,212,305,277,4206,273,306,208,4213,179,303,331,4187,2026-08-17 23:44:24,55.92,233.75
32,1.7190310488889704,0.3704452541770352,1762,2299,2728,38211,2110,3449,2398,37043,1033,2283,3452,38232,1267,3401,3259,37073,1381,2246,3089,38284,1292,2727,3210,37771,2061,3700,2438,36801,1716,2807,2795,37682,2418,2660,2101,37821,1629,2759,2861,37751,1.7407383930188018,0.3654153354632588,182,185,328,4305,318,731,174,3777,60,127,455,4358,169,509,305,4017,194,332,336,4138,145,296,353,4206,166,198,335,4301,237,442,252,4069,252,219,229,4300,105,133,405,4357,2026-08-17 23:45:21,55.95,233.75
33,1.7143283407755099,0.37293370067543546,1767,2268,2723,38242,2050,3564,2458,36928,1046,2110,3439,38405,1328,3546,3198,36928,1370,2274,3100,38256,1246,2599,3256,37899,2039,3496,2460,37005,1817,2819,2694,37670,2432,2693,2087,37788,1685,2851,2805,37659,1.7068981754894075,0.3813897763578275,180,222,330,4268,237,401,255,4107,67,124,448,4361,138,315,336,4211,179,299,351,4171,134,238,364,4264,257,479,244,4020,205,322,284,4189,282,358,199,4161,229,334,281,4156,2026-08-17 23:46:17,56.03,233.75
34,1.701313521444183,0.3798435833629577,1889,2331,2601,38179,2100,3462,2408,37030,1073,2038,3412,38477,1281,3309,3245,37165,1392,2298,3078,38232,1404,2747,3098,37751,2095,3566,2404,36935,1765,2710,2746,37779,2393,2673,2126,37808,1702,2772,2788,37738,1.7189825304780906,0.36900958466453676,162,131,348,4359,255,465,237,4043,65,103,450,4382,127,414,347,4112,204,357,326,4113,195,515,303,3987,151,223,350,4276,206,328,283,4183,294,383,187,4136,187,235,323,4255,2026-08-17 23:47:13,56.03,233.75
35,1.7150776429274648,0.3735780305723427,1770,2471,2720,38039,2136,3445,2372,37047,1046,2057,3439,38458,1351,3506,3175,36968,1424,2326,3046,38204,1223,2640,3279,37858,2095,3427,2404,37074,1703,2802,2808,37687,2395,2731,2124,37750,1668,2784,2822,37726,1.7097589223148724,0.3799920127795527,203,302,307,4188,198,353,294,4155,150,342,365,4143,135,316,339,4210,134,169,396,4301,182,357,316,4145,218,369,283,4130,155,133,334,4378,297,439,184,4080,226,322,284,4168,2026-08-17 23:48:09,55.93,233.75
36,1.69106229166098,0.3815099537859936,1835,2317,2655,38193,2180,3432,2328,37060,1072,2132,3413,38383,1301,3343,3225,37131,1349,2273,3121,38257,1351,2719,3151,37779,2118,3509,2381,36992,1831,2747,2680,37742,2445,2562,2074,37919,1689,2795,2801,37715,1.6816720075119798,0.3839856230031949,199,233,311,4257,194,269,298,4239,126,235,389,4250,169,541,305,3985,172,277,358,4193,173,361,325,4141,199,291,302,4208,229,373,260,4138,242,232,239,4287,217,268,293,4222,2026-08-17 23:49:05,56.0,233.75
37,1.6824953283570308,0.38788659793814434,1878,2324,2612,38186,2183,3306,2325,37186,1113,2130,3372,38385,1363,3552,3163,36922,1395,2276,3075,38254,1346,2518,3156,37980,2177,3440,2322,37061,1827,2717,2684,37772,2416,2511,2103,37970,1756,2772,2734,37738,1.6807266180507672,0.3879792332268371,233,368,277,4122,228,308,264,4200,100,229,415,4256,139,292,335,4234,199,338,331,4132,153,292,345,4210,214,347,287,4152,231,349,258,4162,264,322,217,4197,178,216,332,4274,2026-08-17 23:50:01,55.94,233.75
38,1.6731922233227603,0.38990846071809454,1828,2287,2662,38223,2102,3296,2406,37196,1110,2059,3375,38456,1346,3417,3180,37057,1454,2239,3016,38291,1386,2670,3116,37828,2161,3408,2338,37093,1797,2617,2714,37872,2527,2584,1992,37897,1835,2877,2655,37633,1.6983953424916862,0.3855830670926518,225,304,285,4186,264,461,228,4047,126,244,389,4241,121,270,353,4256,199,303,331,4167,126,258,372,4244,196,271,305,4228,252,471,237,4040,268,313,213,4206,150,178,360,4312,2026-08-17 23:50:57,55.98,233.75
39,1.6722002679921113,0.39401884109491647,1919,2271,2571,38239,2188,3211,2320,37281,1104,2089,3381,38426,1344,3254,3182,37220,1453,2311,3017,38219,1458,2783,3044,37715,2113,3443,2386,37058,1845,2632,2666,37857,2483,2477,2036,38004,1822,2800,2668,37710,1.662900289026693,0.40195686900958466,172,164,338,4326,261,421,231,4087,130,261,385,4224,151,356,323,4170,173,249,357,4221,162,222,336,4280,261,486,240,4013,203,232,286,4279,304,385,177,4134,193,214,317,4276,2026-08-17 23:51:53,55.92,233.75
40,1.6674406612381323,0.392419125488802,1848,2213,2642,38297,2169,3254,2339,37238,1179,2109,3306,38406,1333,3513,3193,36961,1459,2292,3011,38238,1345,2695,3157,37803,2160,3367,2339,37134,1827,2601,2684,37888,2523,2503,1996,37978,1815,2795,2675,37715,1.6504306359032093,0.39676517571884984,200,190,310,4300,210,309,282,4199,136,221,379,4264,172,509,302,4017,148,152,382,4318,123,283,375,4219,259,434,242,4065,198,204,291,4307,248,220,233,4299,293,491,217,3999,2026-08-17 23:52:49,55.97,233.75
41,1.6658262120545906,0.39308567365801633,1887,2339,2603,38171,2108,3215,2400,37277,1161,2120,3324,38395,1388,3453,3138,37021,1447,2235,3023,38295,1375,2586,3127,37912,2154,3321,2345,37180,1861,2628,2650,37861,2465,2562,2054,37919,1842,2853,2648,37657,1.6691675909791892,0.3953674121405751,196,199,314,4291,248,421,244,4087,108,195,407,4290,199,584,275,3942,201,267,329,4203,102,165,396,4337,233,373,268,4126,216,267,273,4244,280,327,201,4192,193,226,317,4264,2026-08-17 23:53:45,55.95,233.75
42,1.6467915001688502,0.40379488091006044,1960,2222,2530,38288,2225,3188,2283,37304,1199,2134,3286,38381,1365,3232,3161,37242,1488,2241,2982,38289,1459,2687,3043,37811,2166,3397,2333,37104,1921,2614,2590,37875,2485,2421,2034,38060,1901,2695,2589,37815,1.6417769422165502,0.39257188498402557,165,156,345,4334,255,369,237,4139,138,279,377,4206,156,450,318,4076,174,229,356,4241,165,291,333,4211,219,372,282,4127,172,178,317,4333,275,335,206,4184,244,378,266,4112,2026-08-17 23:54:41,56.01,233.75
43,1.6421845174327339,0.4035949164592961,1925,2266,2565,38244,2192,3155,2316,37337,1221,2122,3264,38393,1366,3403,3160,37071,1456,2183,3014,38347,1402,2555,3100,37943,2239,3350,2260,37151,1926,2674,2585,37815,2559,2404,1960,38077,1876,2726,2614,37784,1.6488551438426058,0.40155750798722045,192,189,318,4301,228,287,264,4221,132,297,383,4188,130,363,344,4163,198,314,332,4156,205,418,293,4084,256,389,245,4110,187,205,302,4306,269,275,212,4244,211,255,299,4235,2026-08-17 23:55:37,55.98,233.75
44,1.6309712138033574,0.4073053679345894,2023,2263,2467,38247,2246,3107,2262,37385,1175,2221,3310,38294,1346,3259,3180,37215,1454,2203,3016,38327,1466,2526,3036,37972,2210,3354,2289,37147,1983,2611,2528,37878,2564,2419,1955,38062,1862,2708,2628,37802,1.6416296802770596,0.3935702875399361,187,205,323,4285,241,355,251,4153,134,221,381,4264,180,512,294,4014,191,354,339,4116,126,177,372,4325,186,252,315,4247,253,407,236,4104,260,288,221,4231,209,262,301,4228,2026-08-17 23:56:33,56.03,233.75
45,1.6298420031088507,0.4074608958407394,1967,2176,2523,38334,2210,3128,2298,37364,1249,2118,3236,38397,1460,3451,3066,37023,1470,2283,3000,38247,1403,2417,3099,38081,2238,3253,2261,37248,1954,2580,2557,37909,2542,2501,1977,37980,1841,2759,2649,37751,1.6272483869863394,0.39716453674121405,235,308,275,4182,282,460,210,4048,122,251,393,4234,147,394,327,4132,193,315,337,4155,108,158,390,4344,222,338,279,4161,246,337,243,4174,226,173,255,4346,205,280,305,4210,2026-08-17 23:57:29,56.0,233.75
46,1.6097397697043936,0.41285993601137577,2024,2193,2466,38317,2295,3083,2213,37409,1212,2130,3273,38385,1399,3339,3127,37135,1504,2234,2966,38296,1470,2606,3032,37892,2221,3247,2278,37254,1938,2535,2573,37954,2570,2394,1949,38087,1945,2661,2545,37849,1.6169024515456665,0.4047523961661342,185,162,325,4328,252,399,240,4109,119,206,396,4279,171,385,303,4141,164,232,366,4238,153,234,345,4268,259,441,242,4058,246,371,243,4140,231,160,250,4359,245,385,265,4105,2026-08-17 23:58:25,56.11,233.75
47,1.616599065126832,0.4145485247067188,1971,2223,2519,38287,2275,3034,2233,37458,1196,2082,3289,38433,1463,3449,3063,37025,1575,2278,2895,38252,1424,2396,3078,38102,2276,3231,2223,37270,1979,2563,2532,37926,2560,2413,1959,38068,1934,2678,2556,37832,1.6332110019918449,0.40315495207667734,215,220,295,4270,244,350,248,4158,83,151,432,4334,116,285,358,4241,165,232,365,4238,182,348,316,4154,269,461,232,4038,241,355,248,4156,265,256,216,4263,235,327,275,4163,2026-08-17 23:59:22,56.0,233.75
48,1.6107984151528307,0.41619267685744754,1993,2254,2497,38256,2258,2940,2250,37552,1242,2017,3243,38498,1394,3251,3132,37223,1504,2213,2966,38317,1512,2639,2990,37859,2266,3257,2233,37244,2036,2600,2475,37889,2593,2398,1926,38083,1928,2705,2562,37805,1.602221364030442,0.41413738019169327,214,228,296,4262,255,374,237,4134,154,290,361,4195,121,334,353,4192,187,234,343,4236,198,406,300,4096,228,293,273,4206,214,254,275,4257,247,194,234,4325,253,322,257,4168,2026-08-18 00:00:18,56.03,233.75
49,1.5969144485829947,0.419614290792748,2030,2286,2460,38224,2289,3027,2219,37465,1230,2118,3255,38397,1398,3243,3128,37231,1502,2190,2968,38340,1511,2636,2991,37862,2260,3192,2239,37309,2054,2476,2457,38013,2616,2350,1903,38131,1995,2597,2495,37913,1.5947173407283455,0.4217252396166134,208,191,302,4299,263,361,229,4147,120,195,395,4290,169,446,305,4080,189,249,341,4221,147,202,351,4300,289,510,212,3989,228,246,261,4265,246,215,235,4304,248,278,262,4212,2026-08-18 00:01:14,55.93,233.75
50,1.5827576908360077,0.426190899395663,2074,2173,2416,38337,2338,2982,2170,37510,1269,2075,3216,38440,1437,3219,3089,37255,1502,2181,2968,38349,1474,2569,3028,37929,2308,3218,2191,37283,2105,2521,2406,37968,2685,2350,1834,38131,1987,2533,2503,37977,1.6079610212923239,0.41014376996805113,262,308,248,4182,238,331,254,4177,151,250,364,4235,184,448,290,4078,134,180,396,4290,130,205,368,4297,204,242,297,4257,251,374,238,4137,237,197,244,4322,262,412,248,4078,2026-08-18 00:02:10,56.01,233.75
51,1.5845887874777191,0.42783505154639173,2031,2224,2459,38286,2355,2948,2153,37544,1284,2072,3201,38443,1467,3286,3059,37188,1550,2213,2920,38317,1506,2459,2996,38039,2269,3166,2230,37335,2064,2488,2447,38001,2679,2276,1840,38205,2047,2616,2443,37894,1.6026557447811285,0.4259185303514377,254,275,256,4215,222,249,270,4259,167,306,348,4179,169,394,305,4132,193,296,337,4174,187,375,311,4127,205,262,296,4237,262,331,227,4180,251,182,230,4337,218,202,292,4288,2026-08-18 00:03:06,55.96,233.75
52,1.5727059353809105,0.4333451830785638,2100,2189,2390,38321,2356,2910,2152,37582,1311,2049,3174,38466,1467,3264,3059,37210,1571,2120,2899,38410,1556,2485,2946,38013,2333,3120,2166,37381,2111,2465,2400,38024,2716,2277,1803,38204,1980,2620,2510,37890,1.5721818627640842,0.42232428115015974,209,216,301,4274,262,403,230,4105,163,297,352,4188,161,399,313,4127,197,283,333,4187,159,207,339,4295,203,229,298,4270,219,217,270,4294,304,350,177,4169,237,285,273,4205,2026-08-18 00:04:02,56.02,233.75
53,1.566098737941278,0.4343672236046925,2087,2242,2403,38268,2368,2886,2140,37606,1303,2014,3182,38501,1477,3241,3049,37233,1610,2159,2860,38371,1572,2500,2930,37998,2283,3092,2216,37409,2141,2435,2370,38054,2677,2258,1842,38223,2027,2628,2463,37882,1.55815214013901,0.42951277955271566,213,219,297,4271,292,411,200,4097,143,265,372,4220,186,464,288,4062,174,205,356,4265,139,224,359,4278,228,256,273,4243,232,293,257,4218,286,227,195,4292,254,289,256,4201,2026-08-18 00:04:58,56.12,233.75
54,1.5586358119150603,0.4371667259153928,2086,2268,2404,38242,2397,2942,2111,37550,1331,2080,3154,38435,1524,3252,3002,37222,1615,2209,2855,38321,1575,2446,2927,38052,2296,2988,2203,37513,2112,2352,2399,38137,2719,2224,1800,38257,2019,2565,2471,37945,1.568200519290595,0.4307108626198083,217,170,293,4320,210,253,282,4255,136,255,379,4230,151,395,323,4131,210,251,320,4219,194,349,304,4153,271,383,230,4116,232,268,257,4243,254,171,227,4348,279,351,231,4139,2026-08-18 00:05:54,56.06,233.75
55,1.5499890574644437,0.43767774617845717,2141,2270,2349,38240,2379,2819,2129,37673,1355,2186,3130,38329,1485,3222,3041,37252,1615,2138,2855,38392,1561,2509,2941,37989,2345,3064,2154,37437,2109,2385,2402,38104,2654,2176,1865,38305,2048,2539,2442,37971,1.5780879638065546,0.44009584664536744,206,128,304,4362,291,360,201,4148,143,211,372,4274,156,387,318,4139,181,195,349,4275,167,283,331,4219,270,401,231,4098,248,292,241,4219,287,237,194,4282,250,307,260,4183,2026-08-18 00:06:50,55.93,233.75
56,1.5550266884630193,0.43614468538926415,2137,2215,2353,38295,2336,2912,2172,37580,1343,2146,3142,38369,1428,3093,3098,37381,1588,2173,2882,38357,1594,2603,2908,37895,2390,3091,2109,37410,2089,2358,2422,38131,2659,2200,1860,38281,2060,2585,2430,37925,1.552855989422661,0.44329073482428116,233,240,277,4250,273,331,219,4177,125,235,390,4250,199,451,275,4075,203,228,327,4242,170,249,328,4253,266,356,235,4143,248,244,241,4267,264,216,217,4303,236,233,274,4257,2026-08-18 00:07:46,56.06,233.75
57,1.5453640864999787,0.44109936011375755,2126,2182,2364,38328,2380,2836,2128,37656,1392,2075,3093,38440,1486,3155,3040,37319,1592,2258,2878,38272,1610,2461,2892,38037,2335,3016,2164,37485,2095,2400,2416,38089,2703,2250,1816,38231,2127,2521,2363,37989,1.5660788932928262,0.4353035143769968,218,236,292,4254,257,319,235,4189,117,192,398,4293,189,436,285,4090,202,245,328,4225,149,212,349,4290,278,371,223,4128,199,164,290,4347,276,241,205,4278,291,408,219,4082,2026-08-18 00:08:42,56.01,233.75
58,1.544080039974298,0.439033060789193,2114,2229,2376,38281,2369,2762,2139,37730,1344,2075,3141,38440,1502,3236,3024,37238,1590,2203,2880,38327,1555,2451,2947,38047,2343,3112,2156,37389,2088,2322,2423,38167,2755,2220,1764,38261,2096,2634,2394,37876,1.5371134119292797,0.4470846645367412,264,236,246,4254,284,322,208,4186,177,318,338,4167,95,195,379,4331,198,228,332,4242,252,501,246,4001,225,272,276,4227,241,273,248,4238,254,173,227,4346,242,250,268,4240,2026-08-18 00:09:38,56.03,233.75
59,1.5370166341986387,0.4438544258798436,2131,2187,2359,38323,2488,2808,2020,37684,1383,2098,3102,38417,1449,3089,3077,37385,1615,2155,2855,38375,1590,2559,2912,37939,2345,3165,2154,37336,2125,2247,2386,38242,2720,2217,1799,38264,2127,2502,2363,38008,1.5390484361602856,0.4335063897763578,223,264,287,4226,225,236,267,4272,146,264,369,4221,169,435,305,4091,219,301,311,4169,151,217,347,4285,255,314,246,4185,231,193,258,4318,288,259,193,4260,262,348,248,4142,2026-08-18 00:10:34,55.99,233.75
60,1.5278339499983125,0.4454763597582652,2182,2253,2308,38257,2406,2711,2102,37781,1427,2132,3058,38383,1429,3158,3097,37316,1609,2127,2861,38403,1689,2563,2813,37935,2333,3079,2166,37422,2119,2290,2392,38199,2719,2075,1800,38406,2134,2565,2356,37945,1.5431620154898769,0.43809904153354634,237,320,273,4170,272,271,220,4237,160,291,355,4194,194,475,280,4051,169,202,361,4268,173,256,325,4246,232,281,269,4218,278,332,211,4179,270,220,211,4299,207,160,303,4330,2026-08-18 00:11:31,56.05,233.75
61,1.5279434850493063,0.44816477070742977,2159,2246,2331,38264,2415,2761,2093,37731,1408,2097,3077,38418,1478,3113,3048,37361,1657,2125,2813,38405,1640,2484,2862,38014,2373,3045,2126,37456,2173,2229,2338,38260,2758,2214,1761,38267,2106,2519,2384,37991,1.553757140049919,0.4488817891373802,228,230,282,4260,262,308,230,4200,188,355,327,4130,119,232,355,4294,206,255,324,4215,191,259,307,4243,252,307,249,4192,260,289,229,4222,304,295,177,4224,235,225,275,4265,2026-08-18 00:12:27,56.07,233.75
62,1.5244423911489289,0.44809811589050835,2169,2274,2321,38236,2435,2735,2073,37757,1444,2125,3041,38390,1476,3183,3050,37291,1622,2124,2848,38406,1625,2518,2877,37980,2333,2986,2166,37515,2164,2265,2347,38224,2790,2163,1729,38318,2107,2462,2383,38048,1.5646743959131333,0.4309105431309904,223,239,287,4251,268,307,224,4201,174,296,341,4189,133,357,341,4169,201,265,329,4205,181,321,317,4181,251,363,250,4136,216,227,273,4284,296,259,185,4260,211,212,299,4278,2026-08-18 00:13:23,56.12,233.75
63,1.5183499271319594,0.4522307145396374,2194,2166,2296,38344,2447,2772,2061,37720,1441,2079,3044,38436,1516,3093,3010,37381,1636,2102,2834,38428,1657,2507,2845,37991,2402,3009,2097,37492,2231,2261,2280,38228,2773,2161,1746,38320,2053,2500,2437,38010,1.5397756324408534,0.4420926517571885,217,244,293,4246,277,326,215,4182,142,180,373,4305,159,315,315,4211,213,281,317,4189,160,222,338,4280,246,306,255,4193,201,226,288,4285,312,311,169,4208,283,379,227,4111,2026-08-18 00:14:19,56.05,233.75
64,1.507113677367086,0.45387486669036614,2169,2151,2321,38359,2439,2736,2069,37756,1437,2086,3048,38429,1439,3099,3087,37375,1646,2157,2824,38373,1717,2597,2785,37901,2424,2900,2075,37601,2213,2234,2298,38255,2780,2177,1739,38304,2161,2438,2329,38072,1.5195218039015992,0.46086261980830673,246,279,264,4211,254,258,238,4250,148,219,367,4266,164,309,310,4217,222,225,308,4245,173,191,325,4311,271,358,230,4141,265,298,224,4213,302,276,179,4243,260,282,250,4208,2026-08-18 00:15:15,56.01,233.75
65,1.5074963320882304,0.4556967650195521,2159,2194,2331,38316,2489,2696,2019,37796,1418,2085,3067,38430,1482,3069,3044,37405,1683,2127,2787,38403,1674,2519,2828,37979,2396,2950,2103,37551,2223,2309,2288,38180,2811,2066,1708,38415,2170,2480,2320,38030,1.515847193547331,0.44628594249201275,222,187,288,4303,270,302,222,4206,154,274,361,4211,123,285,351,4241,197,224,333,4246,200,382,298,4120,269,368,232,4131,241,240,248,4271,318,268,163,4251,239,237,271,4253,2026-08-18 00:16:11,56.03,233.75
66,1.5009587738508015,0.4570298613579808,2196,2186,2294,38324,2456,2590,2052,37902,1496,2150,2989,38365,1572,3046,2954,37428,1662,2124,2808,38406,1656,2587,2846,37911,2373,2939,2126,37562,2188,2249,2323,38240,2787,2075,1732,38406,2181,2487,2309,38023,1.500506195587853,0.45267571884984026,239,222,271,4268,307,354,185,4154,186,353,329,4132,142,316,332,4210,182,219,348,4251,157,216,341,4286,248,331,253,4168,250,258,239,4253,305,246,176,4273,248,221,262,4269,2026-08-18 00:17:07,56.19,233.75
67,1.491828578204139,0.4612513330963384,2247,2151,2243,38359,2476,2694,2032,37798,1516,2175,2969,38340,1574,3039,2952,37435,1687,2055,2783,38475,1669,2486,2833,38012,2464,2876,2035,37625,2176,2240,2335,38249,2824,2109,1695,38372,2124,2418,2366,38092,1.5182598686446778,0.4508785942492013,251,237,259,4253,245,242,247,4266,166,303,349,4182,190,455,284,4071,194,231,336,4239,175,289,323,4213,266,309,235,4190,231,183,258,4328,294,252,187,4267,245,242,265,4248,2026-08-18 00:18:03,55.91,233.75
68,1.4920689789078392,0.4610513686455741,2269,2138,2221,38372,2476,2593,2032,37899,1470,2150,3015,38365,1489,3109,3037,37365,1698,2113,2772,38417,1671,2587,2831,37911,2422,2868,2077,37633,2183,2288,2328,38201,2833,2039,1686,38442,2238,2366,2252,38144,1.5093276685419175,0.4580670926517572,239,213,271,4277,325,426,167,4082,169,278,346,4207,139,297,335,4229,235,308,295,4162,169,239,329,4263,255,314,246,4185,230,185,259,4326,308,261,173,4258,222,188,288,4302,2026-08-18 00:18:59,56.04,233.75
69,1.4871204188825227,0.4619400995378599,2228,2128,2262,38382,2447,2640,2061,37852,1475,2182,3010,38333,1559,2932,2967,37542,1737,2086,2733,38444,1709,2520,2793,37978,2409,2976,2090,37525,2208,2248,2303,38241,2812,2070,1707,38411,2203,2431,2287,38079,1.5143034842829355,0.4514776357827476,273,231,237,4259,264,311,228,4197,161,211,354,4274,161,369,313,4157,188,231,342,4239,156,267,342,4235,197,207,304,4292,269,309,220,4202,294,209,187,4310,294,398,216,4092,2026-08-18 00:19:55,55.96,233.75
70,1.4794862128177064,0.46509509420547457,2266,2144,2224,38366,2489,2565,2019,37927,1506,2023,2979,38492,1551,2993,2975,37481,1735,2175,2735,38355,1706,2477,2796,38021,2416,2898,2083,37603,2229,2272,2282,38217,2845,2082,1674,38399,2183,2445,2307,38065,1.4863465712093318,0.46405750798722045,232,217,278,4273,294,344,198,4164,152,249,363,4236,158,318,316,4208,227,235,303,4235,166,206,332,4296,254,326,247,4173,281,287,208,4224,325,281,156,4238,233,215,277,4275,2026-08-18 00:20:51,56.13,233.75
71,1.4682851473801168,0.47022751510842514,2344,2124,2146,38386,2556,2534,1952,37958,1517,2098,2968,38417,1522,3002,3004,37472,1714,2179,2756,38351,1718,2415,2784,38083,2427,2878,2072,37623,2284,2160,2227,38329,2844,2054,1675,38427,2234,2396,2256,38114,1.4881008090302585,0.454073482428115,229,237,281,4253,276,279,216,4229,174,291,341,4194,124,282,350,4244,196,229,334,4241,228,396,270,4106,226,236,275,4263,264,264,225,4247,324,297,157,4222,229,219,281,4271,2026-08-18 00:21:48,56.05,233.75
72,1.4629839375228422,0.4752266263775329,2280,2143,2210,38367,2513,2561,1995,37931,1562,2139,2923,38376,1559,2954,2967,37520,1831,2110,2639,38420,1786,2401,2716,38097,2511,2761,1988,37740,2282,2156,2229,38333,2830,2006,1689,38475,2234,2381,2256,38129,1.494151109514145,0.454073482428115,224,211,286,4279,253,253,239,4255,173,256,342,4229,155,293,319,4233,233,332,297,4138,165,244,333,4258,234,274,267,4225,265,286,224,4225,323,311,158,4208,244,271,266,4219,2026-08-18 00:22:44,56.14,233.75
73,1.4586149115728562,0.47169392108069674,2311,2104,2179,38406,2548,2523,1960,37969,1491,2114,2994,38401,1557,2987,2969,37487,1774,2193,2696,38337,1725,2476,2777,38022,2437,2815,2062,37686,2259,2215,2252,38274,2890,2006,1629,38475,2232,2343,2258,38167,1.4868077361545624,0.46645367412140576,221,185,289,4305,252,245,240,4263,154,200,361,4285,144,297,330,4229,242,280,288,4190,197,278,301,4224,264,317,237,4182,260,244,229,4267,327,340,154,4179,271,282,239,4208,2026-08-18 00:23:40,55.99,233.75
74,1.4557492686809699,0.47633753999289014,2299,2061,2191,38449,2557,2416,1951,38076,1566,2115,2919,38400,1613,3028,2913,37446,1782,2109,2688,38421,1687,2482,2815,38016,2505,2744,1994,37757,2261,2200,2250,38289,2884,2095,1635,38386,2281,2315,2209,38195,1.4767887836066298,0.46605431309904155,255,207,255,4283,293,317,199,4191,146,204,369,4281,144,297,330,4229,200,212,330,4258,199,279,299,4223,273,321,228,4178,241,231,248,4280,275,181,206,4338,306,419,204,4071,2026-08-18 00:24:36,56.03,233.75
75,1.4508493380787277,0.47762619978670456,2325,2085,2165,38425,2593,2402,1915,38090,1531,2159,2954,38356,1537,2886,2989,37588,1756,2131,2714,38399,1732,2491,2770,38007,2512,2776,1987,37725,2286,2180,2225,38309,2896,2047,1623,38434,2324,2351,2166,38159,1.465282914547113,0.46445686900958466,265,282,245,4208,255,254,237,4254,153,224,362,4261,127,288,347,4238,217,248,313,4222,196,301,302,4201,275,291,226,4208,256,251,233,4260,299,234,182,4285,282,302,228,4188,2026-08-18 00:25:32,56.01,233.75
76,1.443382432631992,0.47647084962673303,2299,2138,2191,38372,2545,2503,1963,37989,1526,2127,2959,38388,1564,3025,2962,37449,1782,2173,2688,38357,1775,2417,2727,38081,2512,2688,1987,37813,2284,2149,2227,38340,2875,2005,1644,38476,2279,2334,2211,38176,1.4602759244342962,0.4768370607028754,266,245,244,4245,292,300,200,4208,159,217,356,4268,193,390,281,4136,201,217,329,4253,146,171,352,4331,286,359,215,4140,258,238,231,4273,304,192,177,4327,280,286,230,4204,2026-08-18 00:26:28,56.09,233.75
77,1.4321560134592743,0.48093672236046925,2296,2105,2194,38405,2583,2442,1925,38050,1581,2146,2904,38369,1636,3083,2890,37391,1766,2099,2704,38431,1751,2383,2751,38115,2534,2734,1965,37767,2322,2104,2189,38385,2922,2011,1597,38470,2251,2251,2239,38259,1.4512593631927198,0.46665335463258784,234,171,276,4319,283,309,209,4199,151,236,364,4249,169,373,305,4153,206,220,324,4250,173,272,325,4230,306,411,195,4088,246,191,243,4320,305,231,176,4288,256,257,254,4233,2026-08-18 00:27:24,56.08,233.75
78,1.4346535147995105,0.4808256309989335,2318,2094,2172,38416,2577,2405,1931,38087,1543,2179,2942,38336,1585,3021,2941,37453,1810,2174,2660,38356,1785,2421,2717,38077,2512,2662,1987,37839,2308,2086,2203,38403,2897,1977,1622,38504,2301,2345,2189,38165,1.453102382417685,0.47304313099041534,258,210,252,4280,321,356,171,4152,145,217,370,4268,153,360,321,4166,215,225,315,4245,200,317,298,4185,291,413,210,4086,248,179,241,4332,296,164,185,4355,242,190,268,4300,2026-08-18 00:28:21,56.06,233.75
79,1.4265737425505458,0.4864912904372556,2363,2095,2127,38415,2601,2328,1907,38164,1586,2131,2899,38384,1606,2875,2920,37599,1824,2092,2646,38438,1774,2423,2728,38075,2523,2763,1976,37738,2317,2095,2194,38394,2936,2011,1583,38470,2362,2295,2128,38215,1.4597192917007227,0.46865015974440893,249,209,261,4281,263,271,229,4237,141,180,374,4305,201,426,273,4100,214,217,316,4253,157,200,341,4302,288,349,213,4150,245,220,244,4291,327,303,154,4216,258,282,252,4208,2026-08-18 00:29:17,56.08,233.75
80,1.4214490564361908,0.4879132598649129,2351,2054,2139,38456,2634,2389,1874,38103,1612,2122,2873,38393,1578,2948,2948,37526,1835,2097,2635,38433,1800,2461,2702,38037,2543,2651,1956,37850,2313,2105,2198,38384,2985,1939,1534,38542,2303,2280,2187,38230,1.464251640505684,0.4680511182108626,237,243,273,4247,302,318,190,4190,178,269,337,4216,193,382,281,4144,168,131,362,4339,168,246,330,4256,290,365,211,4134,230,184,259,4327,304,239,177,4280,270,283,240,4207,2026-08-18 00:30:13,56.15,233.75
81,1.416444080498055,0.48857980803412726,2364,2123,2126,38387,2603,2317,1905,38175,1600,2104,2885,38411,1597,3007,2929,37467,1874,2063,2596,38467,1844,2486,2658,38012,2513,2646,1986,37855,2322,2099,2189,38390,2936,1890,1583,38591,2334,2278,2156,38232,1.440637016639161,0.4790335463258786,226,183,284,4307,283,267,209,4241,185,265,330,4220,166,344,308,4182,187,146,343,4324,209,280,289,4222,322,454,179,4045,227,161,262,4350,331,288,150,4231,257,219,253,4271,2026-08-18 00:31:09,56.09,233.75
82,1.416473227423618,0.48964628510487024,2417,2013,2073,38497,2586,2370,1922,38122,1625,2126,2860,38389,1576,2910,2950,37564,1841,2063,2629,38467,1806,2456,2696,38042,2523,2661,1976,37840,2352,2126,2159,38363,2955,1985,1564,38496,2355,2254,2135,38256,1.4372330317482018,0.472444089456869,256,217,254,4273,285,246,207,4262,139,249,376,4236,197,416,277,4110,208,219,322,4251,171,257,327,4245,282,378,219,4121,269,222,220,4289,301,207,180,4312,253,228,257,4262,2026-08-18 00:32:05,56.13,233.75
83,1.4175471915412194,0.4866912548880199,2301,2130,2189,38380,2617,2371,1891,38121,1567,2120,2918,38395,1635,2939,2891,37535,1857,2131,2613,38399,1770,2432,2732,38066,2571,2671,1928,37830,2314,2067,2197,38422,2897,1962,1622,38519,2372,2276,2118,38234,1.4365316191420388,0.48023162939297126,225,166,285,4324,288,269,204,4239,182,262,333,4223,175,376,299,4150,233,219,297,4251,200,290,298,4212,251,285,250,4214,266,222,223,4289,274,171,207,4348,308,338,202,4152,2026-08-18 00:33:01,56.04,233.75
84,1.4089501337186323,0.4930012442232492,2322,2106,2168,38404,2662,2334,1846,38158,1609,2138,2876,38377,1607,2898,2919,37576,1890,2116,2580,38414,1805,2387,2697,38111,2590,2625,1909,37876,2371,2119,2140,38370,2980,1850,1539,38631,2350,2241,2140,38269,1.4372265512189164,0.4764376996805112,251,248,259,4242,272,260,220,4248,181,269,334,4216,156,283,318,4243,219,234,311,4236,200,271,298,4231,274,341,227,4158,254,216,235,4295,327,262,154,4257,249,233,261,4257,2026-08-18 00:33:58,56.09,233.75
85,1.4047177934663557,0.4924235691432634,2347,2002,2143,38508,2660,2327,1848,38165,1628,2176,2857,38339,1659,2913,2867,37561,1855,2186,2615,38344,1818,2435,2684,38063,2546,2578,1953,37923,2390,2058,2121,38431,2952,1942,1567,38539,2307,2221,2183,38289,1.4142602223176926,0.4932108626198083,247,175,263,4315,291,250,201,4258,200,288,315,4197,162,315,312,4211,237,252,293,4218,187,293,311,4209,282,314,219,4185,265,185,224,4326,338,257,143,4262,255,207,255,4283,2026-08-18 00:34:54,56.02,233.75
86,1.3987220435688346,0.4958007465339495,2355,2024,2135,38486,2668,2306,1840,38186,1676,2089,2809,38426,1652,2896,2874,37578,1871,2104,2599,38426,1861,2435,2641,38063,2548,2622,1951,37879,2372,2067,2139,38422,2969,1905,1550,38576,2339,2241,2151,38269,1.4330029706604563,0.47803514376996803,252,220,258,4270,275,250,217,4258,169,243,346,4242,153,281,321,4245,185,181,345,4289,204,328,294,4174,289,359,212,4140,261,249,228,4262,312,220,169,4299,289,280,221,4210,2026-08-18 00:35:50,56.08,233.75
87,1.389033668625198,0.502132954141486,2450,2008,2040,38502,2729,2208,1779,38284,1656,2094,2829,38421,1625,2893,2901,37581,1902,2056,2568,38474,1838,2413,2664,38085,2567,2603,1932,37898,2398,2075,2113,38414,3022,1824,1497,38657,2407,2232,2083,38278,1.4140746684881826,0.48761980830670926,266,245,244,4245,307,258,185,4250,171,232,344,4253,146,267,328,4259,224,265,306,4205,182,277,316,4225,271,280,230,4219,283,271,206,4240,332,256,149,4263,257,210,253,4280,2026-08-18 00:36:46,56.02,233.75
88,1.384594533543463,0.5008442943476715,2399,2023,2091,38487,2624,2307,1884,38185,1726,2100,2759,38415,1652,2887,2874,37587,1878,1974,2592,38556,1851,2467,2651,38031,2599,2610,1900,37891,2396,2008,2115,38481,3005,1852,1514,38629,2410,2232,2080,38278,1.4073925806691472,0.49640575079872207,276,229,234,4261,288,250,204,4258,181,247,334,4238,225,425,249,4101,236,247,294,4223,141,173,357,4329,284,284,217,4215,278,247,211,4264,322,213,159,4306,249,205,261,4285,2026-08-18 00:37:43,56.04,233.75
89,1.3823107242626607,0.5043769996445077,2410,2035,2080,38475,2687,2263,1821,38229,1687,2065,2798,38450,1686,2895,2840,37579,1929,2014,2541,38516,1891,2392,2611,38106,2559,2544,1940,37957,2428,1988,2083,38501,2940,1886,1579,38595,2478,2223,2012,38287,1.3971035876594031,0.4866214057507987,242,199,268,4291,297,307,195,4201,163,233,352,4252,169,329,305,4197,217,211,313,4259,199,219,299,4283,299,381,202,4118,270,233,219,4278,309,213,172,4306,268,242,242,4248,2026-08-18 00:38:39,56.0,233.75
90,1.3799526893367897,0.5041325986491291,2419,2020,2071,38490,2704,2262,1804,38230,1646,2095,2839,38420,1713,2899,2813,37575,1881,1992,2589,38538,1877,2353,2625,38145,2594,2616,1905,37885,2427,2037,2084,38452,2980,1875,1539,38606,2445,2165,2045,38345,1.4155055987187468,0.48043130990415334,261,223,249,4267,286,281,206,4227,180,231,335,4254,129,255,345,4271,212,214,318,4256,216,312,282,4190,272,320,229,4179,273,269,216,4242,287,186,194,4333,286,307,224,4183,2026-08-18 00:39:35,56.1,233.75
91,1.377533041685025,0.5018885531461074,2446,2018,2044,38492,2709,2261,1799,38231,1643,2124,2842,38391,1669,2851,2857,37623,1899,2125,2571,38405,1871,2384,2631,38114,2601,2681,1898,37820,2406,1964,2105,38525,2982,1863,1537,38618,2360,2143,2130,38367,1.4051738394715916,0.4936102236421725,264,213,246,4277,297,271,195,4237,170,220,345,4265,187,402,287,4124,224,222,306,4248,172,244,326,4258,292,270,209,4229,284,286,205,4225,320,201,161,4318,257,204,253,4286,2026-08-18 00:40:31,55.95,233.75
92,1.3717786025373782,0.5046214006398863,2434,2024,2056,38486,2706,2212,1802,38280,1655,2028,2830,38487,1672,2932,2854,37542,1919,2049,2551,38481,1846,2372,2656,38126,2617,2597,1882,37904,2453,2041,2058,38448,2991,1826,1528,38655,2414,2212,2076,38298,1.412659847126982,0.48801916932907347,264,238,246,4252,278,232,214,4276,143,217,372,4268,189,349,285,4177,223,236,307,4234,214,297,284,4205,297,343,204,4156,258,204,231,4307,306,206,175,4313,271,235,239,4255,2026-08-18 00:41:27,56.15,233.75
93,1.3690233797396454,0.5085762531105581,2486,1957,2004,38553,2710,2287,1798,38205,1693,2047,2792,38468,1667,2826,2859,37648,1939,2071,2531,38459,1918,2406,2584,38092,2640,2480,1859,38021,2408,2043,2103,38446,3001,1843,1518,38638,2426,2152,2064,38358,1.3878252896637961,0.4976038338658147,244,171,266,4319,263,178,229,4330,185,250,330,4235,159,318,315,4208,249,269,281,4201,217,290,281,4212,275,266,226,4233,279,234,210,4277,291,197,190,4322,324,341,186,4149,2026-08-18 00:42:23,56.07,233.75
94,1.3591476596211183,0.5130643441166015,2463,1998,2027,38512,2730,2112,1778,38380,1725,1988,2760,38527,1693,2795,2833,37679,1973,2080,2497,38450,2011,2449,2491,38049,2633,2512,1866,37989,2437,1977,2074,38512,2992,1888,1527,38593,2431,2113,2059,38397,1.3841924511205654,0.4956070287539936,253,203,257,4287,277,227,215,4281,160,225,355,4260,195,357,279,4169,257,318,273,4152,182,205,316,4297,269,255,232,4244,259,219,230,4292,335,245,146,4274,291,268,219,4222,2026-08-18 00:43:20,56.13,233.75
95,1.3583554581649948,0.5136420191965873,2449,1983,2041,38527,2711,2173,1797,38319,1692,2061,2793,38454,1742,2816,2784,37658,2012,2087,2458,38443,1901,2378,2601,38120,2641,2468,1858,38033,2479,1951,2032,38538,3059,1813,1460,38668,2428,2156,2062,38354,1.3943803952143976,0.4972044728434505,248,148,262,4342,332,319,160,4189,162,227,353,4258,167,339,307,4187,187,149,343,4321,222,333,276,4169,305,359,196,4140,277,192,212,4319,312,191,169,4328,274,257,236,4233,2026-08-18 00:44:16,55.91,233.75
96,1.361887382393073,0.5125088873089229,2490,1921,2000,38589,2724,2180,1784,38312,1706,2021,2779,38494,1700,2830,2826,37644,1975,2003,2495,38527,1909,2449,2593,38049,2671,2539,1828,37962,2424,1969,2087,38520,3012,1844,1507,38637,2452,2181,2038,38329,1.3980550575561035,0.4914137380191693,279,256,231,4234,290,241,202,4267,172,203,343,4282,212,448,262,4078,216,200,314,4270,158,197,340,4305,273,302,228,4197,273,221,216,4290,308,227,173,4292,276,248,234,4242,2026-08-18 00:45:12,56.01,233.75
97,1.351528096487206,0.5098204763597582,2435,1977,2055,38533,2749,2176,1759,38316,1681,2059,2804,38456,1646,2899,2880,37575,1926,2090,2544,38440,1937,2410,2565,38088,2659,2499,1840,38002,2461,1972,2050,38517,2997,1800,1522,38681,2448,2179,2042,38331,1.3958053230858458,0.5029952076677316,275,246,235,4244,283,232,209,4276,175,243,340,4242,175,330,299,4196,250,253,280,4217,217,273,281,4229,286,275,215,4224,290,262,199,4249,322,223,159,4296,239,151,271,4339,2026-08-18 00:46:08,56.06,233.75
98,1.349618789864061,0.5115090650551013,2466,1995,2024,38515,2722,2202,1786,38290,1733,2046,2752,38469,1658,2825,2868,37649,1902,2063,2568,38467,1929,2409,2573,38089,2639,2478,1860,38023,2449,1991,2062,38498,3029,1841,1490,38640,2490,2133,2000,38377,1.3975580987838891,0.5075878594249201,267,199,243,4291,295,242,197,4266,223,346,292,4139,174,324,300,4202,235,203,295,4267,208,276,290,4226,258,212,243,4287,293,239,196,4272,323,216,158,4303,261,206,249,4284,2026-08-18 00:47:04,56.13,233.75
99,1.345653907730619,0.5132198720227515,2465,1952,2025,38558,2709,2228,1799,38264,1729,2113,2756,38402,1640,2860,2886,37614,1929,2023,2541,38507,1899,2379,2603,38119,2696,2443,1803,38058,2503,1953,2008,38536,3038,1855,1481,38626,2485,2101,2005,38409,1.3825154980531515,0.5039936102236422,275,214,235,4276,294,225,198,4283,169,212,346,4273,160,287,314,4239,207,188,323,4282,195,224,303,4278,323,374,178,4125,275,240,214,4271,325,215,156,4304,299,299,211,4191,2026-08-18 00:48:00,55.98,233.75
100,1.3379313195679818,0.5212184500533239,2468,1937,2022,38573,2778,2128,1730,38364,1704,2009,2781,38506,1728,2797,2798,37677,2007,2020,2463,38510,1977,2401,2525,38097,2750,2402,1749,38099,2513,1913,1998,38576,3074,1795,1445,38686,2457,2142,2033,38368,1.3620607576812038,0.5045926517571885,266,216,244,4274,297,270,195,4238,203,308,312,4177,179,320,295,4206,216,201,314,4269,199,250,299,4252,280,282,221,4217,273,191,216,4320,331,231,150,4288,278,209,232,4281,2026-08-18 00:48:56,56.03,233.75
